"","ProductTitle","Price","Category","Ratings","ReviewCount","Description"
"1","1. Check each product page for other buying options.","$19.99","Mouse",4.5,"1,893","Check each product page for other buying options."
"2","2. Check each product page for other buying options.","$17.99","Mouse",4.3,"48","Check each product page for other buying options."
"3","3. Check each product page for other buying options.","$24.99","Mouse",4.3,"14,286","Check each product page for other buying options."
"4","4. 2024","$39.99","Mouse",4,"48","2024"
"5","5. Check each product page for other buying options.","$18.99","Mouse",4.1,"196","Check each product page for other buying options."
"6","6. Check each product page for other buying options.","$18.99","Mouse",4.1,"196","Check each product page for other buying options."
"7","7. Jun 15, 2021","$19.99","Mouse",4.5,"31","Jun 15, 2021"
"8","8. 2021","$13.99","Mouse",4.4,"76","2021"
"9","9. Check each product page for other buying options.","$16.89","Mouse",4,"292","Check each product page for other buying options."
"10","10. Check each product page for other buying options.","$32.99","Mouse",4.1,"425","Check each product page for other buying options."
"11","11. Check each product page for other buying options.","$18.99","Mouse",4.1,"196","Check each product page for other buying options."
"12","12. Check each product page for other buying options.","$37.99","Mouse",4.4,"1,487","Check each product page for other buying options."
"13","13. Jun 15, 2021","$39.99","Mouse",5,"4","Jun 15, 2021"
"14","14. Check each product page for other buying options.","$18.99","Mouse",4.1,"196","Check each product page for other buying options."
"15","15. Check each product page for other buying options.","$23.99","Mouse",4.5,"3,447","Check each product page for other buying options."
"16","16. 2017","$18.99","Mouse",4.1,"196","2017"
"17","17. Check each product page for other buying options.","$27.99","Mouse",4,"171","Check each product page for other buying options."
"18","18. 2017","$17.99","Mouse",4.5,"1,825","2017"
"19","19. Check each product page for other buying options.","$18.99","Mouse",4.1,"196","Check each product page for other buying options."
"20","20. 2015","$18.38","Mouse",4.3,"3,085","2015"
"21","21. Oct 6, 2015","$12.99","Mouse",4.3,"61","Oct 6, 2015"
"22","22. Check each product page for other buying options.","$18.99","Mouse",4.1,"196","Check each product page for other buying options."
"23","23. Check each product page for other buying options.","$17.99","Mouse",4.3,"48","Check each product page for other buying options."
"24","24. 2021","$19.99","Mouse",4.2,"118","2021"
"25","25. Check each product page for other buying options.","$25.85","Mouse",3.8,"47","Check each product page for other buying options."
"26","26. 2016","$18.99","Mouse",4.1,"196","2016"
"27","27. Check each product page for other buying options.","$18.99","Mouse",4.1,"196","Check each product page for other buying options."
"28","28. Check each product page for other buying options.","$15.65","Mouse",4.3,"724","Check each product page for other buying options."
"29","29. Check each product page for other buying options.","$18.99","Mouse",4.1,"196","Check each product page for other buying options."
"30","30. Check each product page for other buying options.","$56.99","Mouse",4.4,"6","Check each product page for other buying options."
"31","1. Check each product page for other buying options.","$149.00","Phones",4.3,"739","Check each product page for other buying options."
"32","2. Check each product page for other buying options.","$158.99","Phones",3.3,"54","Check each product page for other buying options."
"33","3. Check each product page for other buying options.","$158.99","Phones",3.3,"54","Check each product page for other buying options."
"34","4. Check each product page for other buying options.","$129.99","Phones",5,"6","Check each product page for other buying options."
"35","5. Check each product page for other buying options.","$158.99","Phones",3.3,"54","Check each product page for other buying options."
"36","6. Check each product page for other buying options.","$158.99","Phones",3.3,"54","Check each product page for other buying options."
"37","7. Check each product page for other buying options.","$45.00","Phones",4.1,"17,767","Check each product page for other buying options."
"38","8. Check each product page for other buying options.","$359.00","Phones",4,"39","Check each product page for other buying options."
"39","9. Check each product page for other buying options.","$74.95","Phones",5,"3","Check each product page for other buying options."
"40","10. Check each product page for other buying options.","$150.00","Phones",3.5,"12","Check each product page for other buying options."
"41","11. Check each product page for other buying options. Price and other details may vary based on product size and color.","$84.99","Phones",4.3,"320","Check each product page for other buying options. Price and other details may vary based on product size and color."
"42","12. Check each product page for other buying options. Price and other details may vary based on product size and color.","$25.99","Phones",4.4,"4,809","Check each product page for other buying options. Price and other details may vary based on product size and color."
"43","13. Check each product page for other buying options.","$14.99","Phones",5,"3","Check each product page for other buying options."
"44","14. Check each product page for other buying options.","$84.99","Phones",4.3,"320","Check each product page for other buying options."
"45","15. Check each product page for other buying options. Price and other details may vary based on product size and color.","$25.99","Phones",4.4,"4,809","Check each product page for other buying options. Price and other details may vary based on product size and color."
"46","16. Check each product page for other buying options.","$25.99","Phones",4.4,"4,809","Check each product page for other buying options."
"47","17. Check each product page for other buying options.","$25.99","Phones",4.4,"4,809","Check each product page for other buying options."
"48","18. Check each product page for other buying options. Price and other details may vary based on product size and color.","$84.99","Phones",4.3,"320","Check each product page for other buying options. Price and other details may vary based on product size and color."
"49","19. Check each product page for other buying options.","$84.99","Phones",4.3,"320","Check each product page for other buying options."
"50","20. Click to see price","$79.99","Phones",4.6,"82","Click to see price"
"51","21. Check each product page for other buying options.","$129.99","Phones",3,"2","Check each product page for other buying options."
"52","22. Check each product page for other buying options.","$899.99","Phones",3.8,"242","Check each product page for other buying options."
"53","23. Check each product page for other buying options.","$129.99","Phones",3,"2","Check each product page for other buying options."
"54","24. Check each product page for other buying options.","$84.99","Phones",4.3,"320","Check each product page for other buying options."
"55","25. Check each product page for other buying options.","$84.99","Phones",4.3,"320","Check each product page for other buying options."
"56","26. Check each product page for other buying options.","$84.99","Phones",4.3,"320","Check each product page for other buying options."
"57","27. Check each product page for other buying options.","$8.99","Phones",4.8,"6","Check each product page for other buying options."
"58","28. Check each product page for other buying options.","$899.99","Phones",3.8,"242","Check each product page for other buying options."
"59","29. Check each product page for other buying options.","$84.99","Phones",4.3,"320","Check each product page for other buying options."
"60","30. Check each product page for other buying options.","$129.99","Phones",3,"2","Check each product page for other buying options."
"61","1. Check each product page for other buying options. Price and other details may vary based on product size and color.","$33.99","Boys' Clothing",4.4,"9,855","Check each product page for other buying options. Price and other details may vary based on product size and color."
"62","2. Check each product page for other buying options. Price and other details may vary based on product size and color.","$33.99","Boys' Clothing",4.4,"9,855","Check each product page for other buying options. Price and other details may vary based on product size and color."
"63","3. Check each product page for other buying options. Price and other details may vary based on product size and color.","$33.99","Boys' Clothing",4.4,"9,855","Check each product page for other buying options. Price and other details may vary based on product size and color."
"64","4. Check each product page for other buying options. Price and other details may vary based on product size and color.","$33.99","Boys' Clothing",4.4,"9,855","Check each product page for other buying options. Price and other details may vary based on product size and color."
"65","5. Check each product page for other buying options. Price and other details may vary based on product size and color.","$26.99","Boys' Clothing",4.5,"4,995","Check each product page for other buying options. Price and other details may vary based on product size and color."
"66","6. Check each product page for other buying options. Price and other details may vary based on product size and color.","$33.99","Boys' Clothing",4.4,"9,855","Check each product page for other buying options. Price and other details may vary based on product size and color."
"67","7. Check each product page for other buying options. Price and other details may vary based on product size and color.","$35.99","Boys' Clothing",4.6,"3,461","Check each product page for other buying options. Price and other details may vary based on product size and color."
"68","8. Check each product page for other buying options. Price and other details may vary based on product size and color.","$25.99","Boys' Clothing",4.5,"4,995","Check each product page for other buying options. Price and other details may vary based on product size and color."
"69","9. Check each product page for other buying options. Price and other details may vary based on product size and color.","$33.99","Boys' Clothing",4.4,"9,855","Check each product page for other buying options. Price and other details may vary based on product size and color."
"70","10. Check each product page for other buying options. Price and other details may vary based on product size and color.","$24.99","Boys' Clothing",4.5,"4,995","Check each product page for other buying options. Price and other details may vary based on product size and color."
"71","11. Check each product page for other buying options. Price and other details may vary based on product size and color.","$26.99","Boys' Clothing",4.5,"4,995","Check each product page for other buying options. Price and other details may vary based on product size and color."
"72","12. Check each product page for other buying options. Price and other details may vary based on product size and color.","$33.99","Boys' Clothing",4.4,"9,855","Check each product page for other buying options. Price and other details may vary based on product size and color."
"73","13. Check each product page for other buying options. Price and other details may vary based on product size and color.","$35.99","Boys' Clothing",4.6,"3,461","Check each product page for other buying options. Price and other details may vary based on product size and color."
"74","14. Check each product page for other buying options. Price and other details may vary based on product size and color.","$26.99","Boys' Clothing",4.5,"4,995","Check each product page for other buying options. Price and other details may vary based on product size and color."
"75","15. Click to see price","$18.99","Boys' Clothing",4.5,"723","Click to see price"
"76","16. Check each product page for other buying options. Price and other details may vary based on product size and color.","$26.99","Boys' Clothing",4.5,"4,995","Check each product page for other buying options. Price and other details may vary based on product size and color."
"77","17. Check each product page for other buying options. Price and other details may vary based on product size and color.","$26.99","Boys' Clothing",4.4,"706","Check each product page for other buying options. Price and other details may vary based on product size and color."
"78","18. Check each product page for other buying options. Price and other details may vary based on product size and color.","$26.99","Boys' Clothing",4.5,"4,995","Check each product page for other buying options. Price and other details may vary based on product size and color."
"79","19. Check each product page for other buying options. Price and other details may vary based on product size and color.","$26.99","Boys' Clothing",4.5,"4,995","Check each product page for other buying options. Price and other details may vary based on product size and color."
"80","20. Check each product page for other buying options. Price and other details may vary based on product size and color.","$29.53","Boys' Clothing",4.3,"589","Check each product page for other buying options. Price and other details may vary based on product size and color."
"81","21. Check each product page for other buying options. Price and other details may vary based on product size and color.","$33.99","Boys' Clothing",4.4,"9,855","Check each product page for other buying options. Price and other details may vary based on product size and color."
"82","22. Check each product page for other buying options. Price and other details may vary based on product size and color.","$26.99","Boys' Clothing",4.5,"4,995","Check each product page for other buying options. Price and other details may vary based on product size and color."
"83","23. Check each product page for other buying options. Price and other details may vary based on product size and color.","$19.99","Boys' Clothing",4.7,"7,784","Check each product page for other buying options. Price and other details may vary based on product size and color."
"84","24. Check each product page for other buying options. Price and other details may vary based on product size and color.","$33.99","Boys' Clothing",4.4,"9,855","Check each product page for other buying options. Price and other details may vary based on product size and color."
"85","25. Check each product page for other buying options. Price and other details may vary based on product size and color.","$29.53","Boys' Clothing",4.3,"589","Check each product page for other buying options. Price and other details may vary based on product size and color."
"86","26. Check each product page for other buying options. Price and other details may vary based on product size and color.","$18.99","Boys' Clothing",4.8,"504","Check each product page for other buying options. Price and other details may vary based on product size and color."
"87","27. Check each product page for other buying options. Price and other details may vary based on product size and color.","$26.99","Boys' Clothing",4.5,"4,995","Check each product page for other buying options. Price and other details may vary based on product size and color."
"88","28. Check each product page for other buying options. Price and other details may vary based on product size and color.","$18.99","Boys' Clothing",4.8,"504","Check each product page for other buying options. Price and other details may vary based on product size and color."
"89","29. Check each product page for other buying options. Price and other details may vary based on product size and color.","$26.99","Boys' Clothing",4.5,"4,995","Check each product page for other buying options. Price and other details may vary based on product size and color."
"90","30. Check each product page for other buying options. Price and other details may vary based on product size and color.","$26.99","Boys' Clothing",4.5,"4,995","Check each product page for other buying options. Price and other details may vary based on product size and color."
"91","1. Check each product page for other buying options.","$6.15","Babies Supplies",4.8,"30,125","Check each product page for other buying options."
"92","2. Check each product page for other buying options.","$39.99","Babies Supplies",4.8,"94,156","Check each product page for other buying options."
"93","3. Check each product page for other buying options.","$39.99","Babies Supplies",4.5,"2,927","Check each product page for other buying options."
"94","4. Check each product page for other buying options.","$9.99","Babies Supplies",4.6,"32,173","Check each product page for other buying options."
"95","5. Check each product page for other buying options.","$19.99","Babies Supplies",4.8,"28,470","Check each product page for other buying options."
"96","6. Check each product page for other buying options. Price and other details may vary based on product size and color.","$10.48","Babies Supplies",4.8,"7,964","Check each product page for other buying options. Price and other details may vary based on product size and color."
"97","7. Check each product page for other buying options. Price and other details may vary based on product size and color.","$8.99","Babies Supplies",4.8,"8,136","Check each product page for other buying options. Price and other details may vary based on product size and color."
"98","8. Check each product page for other buying options.","$19.99","Babies Supplies",4.8,"573","Check each product page for other buying options."
"99","9. Check each product page for other buying options.","$7.99","Babies Supplies",4.8,"47,617","Check each product page for other buying options."
"100","10. Check each product page for other buying options. Price and other details may vary based on product size and color.","$89.99","Babies Supplies",4.8,"48,776","Check each product page for other buying options. Price and other details may vary based on product size and color."
"101","11. Check each product page for other buying options.","$29.99","Babies Supplies",4.5,"5,876","Check each product page for other buying options."
"102","12. Check each product page for other buying options. Price and other details may vary based on product size and color.","$52.98","Babies Supplies",4.8,"118,636","Check each product page for other buying options. Price and other details may vary based on product size and color."
"103","13. Check each product page for other buying options. Price and other details may vary based on product size and color.","$25.17","Babies Supplies",4.7,"14,553","Check each product page for other buying options. Price and other details may vary based on product size and color."
"104","14. Check each product page for other buying options. Price and other details may vary based on product size and color.","$11.47","Babies Supplies",4.8,"1,357","Check each product page for other buying options. Price and other details may vary based on product size and color."
"105","15. Check each product page for other buying options. Price and other details may vary based on product size and color.","$6.99","Babies Supplies",4.3,"5,189","Check each product page for other buying options. Price and other details may vary based on product size and color."
"106","16. Check each product page for other buying options.","$22.39","Babies Supplies",4.5,"54","Check each product page for other buying options."
"107","17. Check each product page for other buying options. Price and other details may vary based on product size and color.","$19.70","Babies Supplies",4.6,"4,796","Check each product page for other buying options. Price and other details may vary based on product size and color."
"108","18. Check each product page for other buying options.","$18.97","Babies Supplies",4.5,"678","Check each product page for other buying options."
"109","19. Check each product page for other buying options. Price and other details may vary based on product size and color.","$26.98","Babies Supplies",4.6,"2,560","Check each product page for other buying options. Price and other details may vary based on product size and color."
"110","20. Check each product page for other buying options. Price and other details may vary based on product size and color.","$12.79","Babies Supplies",4.5,"585","Check each product page for other buying options. Price and other details may vary based on product size and color."
"111","21. Check each product page for other buying options.","$11.99","Babies Supplies",4.5,"6,316","Check each product page for other buying options."
"112","22. Check each product page for other buying options. Price and other details may vary based on product size and color.","$7.99","Babies Supplies",4.7,"186","Check each product page for other buying options. Price and other details may vary based on product size and color."
"113","23. Check each product page for other buying options.","$27.19","Babies Supplies",4.6,"586","Check each product page for other buying options."
"114","24. Check each product page for other buying options. Price and other details may vary based on product size and color.","$31.90","Babies Supplies",4.1,"565","Check each product page for other buying options. Price and other details may vary based on product size and color."
"115","25. Check each product page for other buying options. Price and other details may vary based on product size and color.","$6.99","Babies Supplies",4.4,"2,562","Check each product page for other buying options. Price and other details may vary based on product size and color."
"116","26. Check each product page for other buying options. Price and other details may vary based on product size and color.","$6.28","Babies Supplies",4.7,"33,577","Check each product page for other buying options. Price and other details may vary based on product size and color."
"117","27. Check each product page for other buying options. Price and other details may vary based on product size and color.","$14.99","Babies Supplies",4.7,"230","Check each product page for other buying options. Price and other details may vary based on product size and color."
"118","28. Check each product page for other buying options. Price and other details may vary based on product size and color.","$14.98","Babies Supplies",4.8,"4,473","Check each product page for other buying options. Price and other details may vary based on product size and color."
"119","29. Check each product page for other buying options. Price and other details may vary based on product size and color.","$45.49","Babies Supplies",4.7,"636","Check each product page for other buying options. Price and other details may vary based on product size and color."
"120","30. Check each product page for other buying options. Price and other details may vary based on product size and color.","$14.99","Babies Supplies",4.5,"3,004","Check each product page for other buying options. Price and other details may vary based on product size and color."
"121","1. Check each product page for other buying options. Price and other details may vary based on product size and color.","$19.99","Girls' Clothing",4.7,"155","Check each product page for other buying options. Price and other details may vary based on product size and color."
"122","2. Check each product page for other buying options. Price and other details may vary based on product size and color.","$19.99","Girls' Clothing",4.8,"28","Check each product page for other buying options. Price and other details may vary based on product size and color."
"123","3. Check each product page for other buying options. Price and other details may vary based on product size and color.","$19.99","Girls' Clothing",4.8,"28","Check each product page for other buying options. Price and other details may vary based on product size and color."
"124","4. Check each product page for other buying options. Price and other details may vary based on product size and color.","$28.99","Girls' Clothing",4.5,"383","Check each product page for other buying options. Price and other details may vary based on product size and color."
"125","5. Check each product page for other buying options. Price and other details may vary based on product size and color.","$19.99","Girls' Clothing",4.8,"28","Check each product page for other buying options. Price and other details may vary based on product size and color."
"126","6. Check each product page for other buying options. Price and other details may vary based on product size and color.","$19.99","Girls' Clothing",4.8,"28","Check each product page for other buying options. Price and other details may vary based on product size and color."
"127","7. Check each product page for other buying options. Price and other details may vary based on product size and color.","$19.99","Girls' Clothing",4.8,"28","Check each product page for other buying options. Price and other details may vary based on product size and color."
"128","8. Check each product page for other buying options. Price and other details may vary based on product size and color.","$19.99","Girls' Clothing",4.8,"28","Check each product page for other buying options. Price and other details may vary based on product size and color."
"129","9. Check each product page for other buying options. Price and other details may vary based on product size and color.","$19.99","Girls' Clothing",4.8,"28","Check each product page for other buying options. Price and other details may vary based on product size and color."
"130","10. Check each product page for other buying options. Price and other details may vary based on product size and color.","$19.99","Girls' Clothing",4.8,"28","Check each product page for other buying options. Price and other details may vary based on product size and color."
"131","11. Check each product page for other buying options. Price and other details may vary based on product size and color.","$24.99","Girls' Clothing",4.6,"436","Check each product page for other buying options. Price and other details may vary based on product size and color."
"132","12. Check each product page for other buying options. Price and other details may vary based on product size and color.","$19.99","Girls' Clothing",4.8,"28","Check each product page for other buying options. Price and other details may vary based on product size and color."
"133","13. Check each product page for other buying options. Price and other details may vary based on product size and color.","$19.99","Girls' Clothing",4.8,"28","Check each product page for other buying options. Price and other details may vary based on product size and color."
"134","14. Check each product page for other buying options. Price and other details may vary based on product size and color.","$24.99","Girls' Clothing",4.6,"436","Check each product page for other buying options. Price and other details may vary based on product size and color."
"135","15. Check each product page for other buying options. Price and other details may vary based on product size and color.","$24.99","Girls' Clothing",4.6,"436","Check each product page for other buying options. Price and other details may vary based on product size and color."
"136","16. Check each product page for other buying options. Price and other details may vary based on product size and color.","$22.97","Girls' Clothing",4.5,"1,520","Check each product page for other buying options. Price and other details may vary based on product size and color."
"137","17. Check each product page for other buying options. Price and other details may vary based on product size and color.","$24.99","Girls' Clothing",4.6,"436","Check each product page for other buying options. Price and other details may vary based on product size and color."
"138","18. Click to see price","$22.97","Girls' Clothing",4.5,"1,520","Click to see price"
"139","19. Check each product page for other buying options. Price and other details may vary based on product size and color.","$22.99","Girls' Clothing",4.6,"1,774","Check each product page for other buying options. Price and other details may vary based on product size and color."
"140","20. Check each product page for other buying options. Price and other details may vary based on product size and color.","$19.99","Girls' Clothing",4.8,"28","Check each product page for other buying options. Price and other details may vary based on product size and color."
"141","21. Check each product page for other buying options. Price and other details may vary based on product size and color.","$19.99","Girls' Clothing",4.8,"28","Check each product page for other buying options. Price and other details may vary based on product size and color."
"142","22. Check each product page for other buying options. Price and other details may vary based on product size and color.","$19.99","Girls' Clothing",4.8,"28","Check each product page for other buying options. Price and other details may vary based on product size and color."
"143","23. Check each product page for other buying options. Price and other details may vary based on product size and color.","$67.95","Girls' Clothing",4.2,"61","Check each product page for other buying options. Price and other details may vary based on product size and color."
"144","24. Check each product page for other buying options. Price and other details may vary based on product size and color.","$67.95","Girls' Clothing",4.2,"61","Check each product page for other buying options. Price and other details may vary based on product size and color."
"145","25. Check each product page for other buying options. Price and other details may vary based on product size and color.","$19.99","Girls' Clothing",4.8,"28","Check each product page for other buying options. Price and other details may vary based on product size and color."
"146","26. Check each product page for other buying options. Price and other details may vary based on product size and color.","$23.99","Girls' Clothing",4.5,"38","Check each product page for other buying options. Price and other details may vary based on product size and color."
"147","27. Check each product page for other buying options. Price and other details may vary based on product size and color.","$23.99","Girls' Clothing",4.5,"38","Check each product page for other buying options. Price and other details may vary based on product size and color."
"148","28. Check each product page for other buying options. Price and other details may vary based on product size and color.","$67.95","Girls' Clothing",4.2,"61","Check each product page for other buying options. Price and other details may vary based on product size and color."
"149","29. Check each product page for other buying options. Price and other details may vary based on product size and color.","$67.95","Girls' Clothing",4.2,"61","Check each product page for other buying options. Price and other details may vary based on product size and color."
"150","30. Check each product page for other buying options. Price and other details may vary based on product size and color.","$67.95","Girls' Clothing",4.2,"61","Check each product page for other buying options. Price and other details may vary based on product size and color."
